tase_id,name,sector,yahoo,needs_check
720011,אנלייט אנרגיה,אנרגיה,ENLT.TA,0
585018,הראל השקעות,ביטוח,HARL.TA,0
1084557,נובה,סמיקונדקטור,NVMI.TA,0
230011,בזק,תקשורת,BEZQ.TA,0
208017,נאוי,תחבורה ולוגיסטיקה,NAWI.TA,1
445015,מטריקס,טכנולוגיה,MTRX.TA,0
1141571,או.פי.סי אנרגיה,אנרגיה,OPCE.TA,0
1081124,אלביט מערכות,תעשייה ביטחונית,ESLT.TA,0
323014,מליסרון,"נדל""ן מניב",MLSR.TA,0
1175611,תורפז,תעשייה,TRPZ.TA,1
1097260,ביג,"נדל""ן מניב",BIG.TA,0
612010,הכשרת היישוב,"נדל""ן מניב",ILDC.TA,0
1132356,אינרום,תעשייה,INRM.TA,1
2590248,בזן,גז ונפט,ORL.TA,0
1134402,אורמת טכנולוגיות,אנרגיה,ORA.TA,0
273011,נייס,טכנולוגיה,NICE.TA,0
394015,"רציו יה""ש",גז ונפט,RATI.TA,0
136010,להב אל.אר. ריאלסטייט,"נדל""ן מניב",LAHAV.TA,0
604611,לאומי,בנקאות,LUMI.TA,0
232017,ישראמקו,גז ונפט,ISRA.TA,0
1090315,דמרי,"נדל""ן בנייה",DIMRI.TA,0
1168186,מימון ישיר,שירותים פיננסים,DIFI.TA,1
475020,ני מד אנרג'י,גז ונפט,NWMD.TA,0
1156926,ג'נריישן קפיטל,מדיה ותקשורת,GNRS.TA,1
1081843,מיטב דש השקעות,שירותים פיננסים,MTAV.TA,0
662577,פועלים,בנקאות,POLI.TA,0
627034,דלתא,אופנה והלבשה,DELG.TA,0
1084698,חילן,טכנולוגיה,HLAN.TA,0
759019,גב ים,"נדל""ן מניב",GVYM.TA,0
373019,אאורה,"נדל""ן בנייה",AURA.TA,0
746016,שטראוס גרופ,מזון וקמעונאות,STRS.TA,0
1158161,"שב""א",שירותים פיננסים,SHVA.TA,1
1119478,עזריאלי,"נדל""ן מניב",AZRG.TA,0
1101534,סלקום,תקשורת,CEL.TA,0
1104249,רמי לוי,קמעונאות,RMLI.TA,0
1123777,ויקטורי,קמעונאות,VCTR.TA,0
1082510,גילת,טכנולוגיה,GILT.TA,0
1087022,פוקס,קמעונאות,FOX.TA,0
328013,פריורטק,טכנולוגיה,PRTC.TA,0
642017,לפידות קפיטל,השקעות ואחזקה,LAPD.TA,1
281014,איי.סי.אל,"כימיה, גומי, פלסטיק",ICL.TA,0
739037,אלקטרה,תשתיות,ELTR.TA,0
368019,אלקטריאון,טכנולוגיה,ELWS.TA,0
1083484,פרטנר,תקשורת,PTNR.TA,0
1084128,דלק קבוצה,גז ונפט,DLEKG.TA,0
1100007,פז קמעונאות ואנרגיה,גז ונפט,PAZ.TA,0
1143429,פתאל,מלונאות ואירוח,FTAL.TA,0
314013,דנאל,שירותים,DANE.TA,0
1133875,שפיר,תשתיות,SPEN.TA,0
1098920,ריט1,"נדל""ן מניב",RIT1.TA,0
1095835,איירפורט סיטי,"נדל""ן מניב",ARPT.TA,0
695437,מזרחי,בנקאות,MZTF.TA,0
5010129,אלקטרה צריכה,קמעונאות,ECP.TA,0
1123355,אנרג'יקס,אנרגיה,ENRG.TA,0
1157403,ישראכרט,שירותים פיננסים,ISCD.TA,0
699017,נכסים ובניין,"נדל""ן מניב",PTBL.TA,0
1097278,אמות השקעות,"נדל""ן מניב",AMOT.TA,0
126011,ג' סיטי (גזית גלוב),"נדל""ן מניב",GCT.TA,0
258012,תדיראן גרופ,תשתיות,TDRN.TA,0
390013,אלוני חץ,"נדל""ן מניב",ALHE.TA,0
777037,שופרסל,קמעונאות,SAE.TA,0
1091065,מיטרוניקס,אלקטרוניקה,MTRN.TA,1
