tase_id,name,ticker,score,signal,signal_week,weekly_signal,sell_action,data_ok
1100007,פז קמעונאות ואנרגיה,PAZ.TA,66.9,WAIT,BUY,WAIT,TRIM,True
2590248,בזן,ORL.TA,61.0,WAIT,WAIT,WAIT,TRIM,True
1084698,חילן,HLAN.TA,59.4,WAIT,WAIT,WAIT,REDUCE,True
445015,מטריקס,MTRX.TA,57.9,WAIT,WAIT,WAIT,TRIM,True
328013,פריורטק,PRTC.TA,57.1,WAIT,WAIT,WAIT,REDUCE,True
1168186,מימון ישיר,DIFI.TA,56.7,WAIT,WAIT,WAIT,REDUCE,True
720011,אנלייט אנרגיה,ENLT.TA,55.5,WAIT,WAIT,WAIT,REDUCE,True
1101534,סלקום,CEL.TA,55.4,WAIT,WAIT,WAIT,EXIT,True
604611,לאומי,LUMI.TA,55.2,WAIT,WAIT,WAIT,HOLD,True
126011,ג' סיטי (גזית גלוב),GCT.TA,55.0,WAIT,WAIT,WAIT,HOLD,True
739037,אלקטרה,ELTR.TA,53.5,WAIT,WAIT,WAIT,REDUCE,True
1157403,ישראכרט,ISCD.TA,53.0,WAIT,WAIT,WAIT,TRIM,True
136010,להב אל.אר. ריאלסטייט,LAHAV.TA,52.4,WAIT,WAIT,WAIT,REDUCE,True
627034,דלתא,DELG.TA,52.4,WAIT,WAIT,WAIT,TRIM,True
695437,מזרחי,MZTF.TA,52.0,WAIT,WAIT,WAIT,REDUCE,True
699017,נכסים ובניין,PTBL.TA,51.8,WAIT,WAIT,WAIT,TRIM,True
1132356,אינרום,INRM.TA,50.8,WAIT,WAIT,WAIT,HOLD,True
1156926,ג'נריישן קפיטל,GNRS.TA,50.4,WAIT,WAIT,WAIT,REDUCE,True
585018,הראל השקעות,HARL.TA,50.1,WAIT,WAIT,WAIT,REDUCE,True
662577,פועלים,POLI.TA,50.0,WAIT,WAIT,WAIT,REDUCE,True
394015,"רציו יה""ש",RATI.TA,50.0,WAIT,WAIT,WAIT,EXIT,True
612010,הכשרת היישוב,ILDC.TA,49.2,WAIT,WAIT,WAIT,TRIM,True
1081843,מיטב דש השקעות,MTAV.TA,49.0,WAIT,WAIT,WAIT,TRIM,True
1087022,פוקס,FOX.TA,48.0,WAIT,BUY,WAIT,TRIM,True
1133875,שפיר,SPEN.TA,47.4,WAIT,WAIT,WAIT,TRIM,True
1143429,פתאל,FTAL.TA,47.0,WAIT,WAIT,WAIT,REDUCE,True
258012,תדיראן גרופ,TDRN.TA,46.8,WAIT,WAIT,WAIT,EXIT,True
1123355,אנרג'יקס,ENRG.TA,46.0,WAIT,WAIT,WAIT,TRIM,True
281014,איי.סי.אל,ICL.TA,45.8,WAIT,WAIT,WAIT,REDUCE,True
1097260,ביג,BIG.TA,45.4,WAIT,WAIT,WAIT,TRIM,True
1119478,עזריאלי,AZRG.TA,45.0,WAIT,WAIT,WAIT,REDUCE,True
1141571,או.פי.סי אנרגיה,OPCE.TA,44.6,WAIT,WAIT,WAIT,REDUCE,True
390013,אלוני חץ,ALHE.TA,44.0,WAIT,WAIT,WAIT,REDUCE,True
1097278,אמות השקעות,AMOT.TA,43.2,WAIT,WAIT,WAIT,REDUCE,True
1083484,פרטנר,PTNR.TA,43.0,WAIT,WAIT,WAIT,REDUCE,True
1082510,גילת,GILT.TA,43.0,WAIT,WAIT,WAIT,HOLD,True
230011,בזק,BEZQ.TA,42.6,WAIT,WAIT,WAIT,TRIM,True
1084128,דלק קבוצה,DLEKG.TA,42.4,WAIT,WAIT,WAIT,EXIT,True
1095835,איירפורט סיטי,ARPT.TA,42.2,WAIT,WAIT,WAIT,REDUCE,True
232017,ישראמקו,ISRA.TA,42.1,WAIT,WAIT,WAIT,TRIM,True
1098920,ריט1,RIT1.TA,41.0,WAIT,WAIT,WAIT,REDUCE,True
314013,דנאל,DANE.TA,41.0,WAIT,WAIT,WAIT,TRIM,True
1081124,אלביט מערכות,ESLT.TA,40.3,WAIT,WAIT,WAIT,EXIT,True
759019,גב ים,GVYM.TA,40.3,WAIT,WAIT,WAIT,TRIM,True
1175611,תורפז,TRPZ.TA,40.0,WAIT,WAIT,WAIT,REDUCE,True
475020,ני מד אנרג'י,NWMD.TA,39.0,WAIT,WAIT,WAIT,REDUCE,True
1123777,ויקטורי,VCTR.TA,39.0,WAIT,WAIT,WAIT,TRIM,True
1134402,אורמת טכנולוגיות,ORA.TA,39.0,WAIT,WAIT,WAIT,EXIT,True
373019,אאורה,AURA.TA,39.0,WAIT,WAIT,WAIT,EXIT,True
1158161,"שב""א",SHVA.TA,39.0,WAIT,WAIT,WAIT,EXIT,True
208017,נאוי,NAWI.TA,38.3,WAIT,WAIT,WAIT,REDUCE,True
5010129,אלקטרה צריכה,ECP.TA,38.0,WAIT,WAIT,WAIT,EXIT,True
323014,מליסרון,MLSR.TA,36.0,WAIT,WAIT,WAIT,REDUCE,True
273011,נייס,NICE.TA,36.0,WAIT,WAIT,WAIT,HOLD,True
368019,אלקטריאון,ELWS.TA,35.1,WAIT,WAIT,WAIT,REDUCE,True
642017,לפידות קפיטל,LAPD.TA,35.0,WAIT,WAIT,BUY,EXIT,True
1091065,מיטרוניקס,MTRN.TA,33.8,WAIT,WAIT,WAIT,REDUCE,True
746016,שטראוס גרופ,STRS.TA,32.5,WAIT,WAIT,WAIT,TRIM,True
1090315,דמרי,DIMRI.TA,32.0,WAIT,WAIT,WAIT,REDUCE,True
1104249,רמי לוי,RMLI.TA,31.2,WAIT,WAIT,WAIT,EXIT,True
777037,שופרסל,SAE.TA,29.9,WAIT,WAIT,WAIT,REDUCE,True
1084557,נובה,NVMI.TA,27.0,WAIT,WAIT,WAIT,TRIM,True
