tase_id,name,isin,configured,bars_2y,yahoo_name,isin_search_symbol,isin_search_name,status
629014,טבע,IL0006290147,TEVA.TA,432,Teva Pharmaceutical Industries Limited,TEVA.TA,Teva Pharmaceutical Industries Limited,OK
662577,פועלים,IL0006625771,POLI.TA,432,Bank Hapoalim B.M.,POLI.TA,Bank Hapoalim B.M.,OK
604611,לאומי,IL0006046119,LUMI.TA,432,Bank Leumi le-Israel B.M.,LUMI.TA,Bank Leumi le-Israel B.M.,OK
1081124,אלביט מערכות,IL0010811243,ESLT.TA,432,Elbit Systems Ltd.,ESLT.TA,Elbit Systems Ltd.,OK
1082379,טאואר,IL0010823792,TSEM.TA,432,Tower Semiconductor Ltd.,TSEM.TA,Tower Semiconductor Ltd.,OK
691212,דיסקונט א,IL0006912120,DSCT.TA,432,Israel Discount Bank Limited,DSCT.TA,Israel Discount Bank Limited,OK
767012,הפניקס,IL0007670123,PHOE.TA,432,Phoenix Financial Ltd.,PHOE.TA,Phoenix Financial Ltd.,OK
695437,מזרחי,IL0006954379,MZTF.TA,432,Mizrahi Tefahot Bank Ltd.,MZTF.TA,Mizrahi Tefahot Bank Ltd.,OK
1084557,נובה,IL0010845571,NVMI.TA,432,Nova Ltd.,NVMI,Nova Ltd.,CHECK
720011,אנלייט אנרגיה,IL0007200111,ENLT.TA,432,Enlight Renewable Energy Ltd,ENLT.TA,Enlight Renewable Energy Ltd,OK
585018,הראל השקעות,IL0005850180,HARL.TA,432,Harel Insurance Investments & Financial Services Ltd,HARL.TA,Harel Insurance Investments & Financial Services Ltd,OK
224014,כלל עסקי ביטוח,IL0002240146,CLIS.TA,432,Clal Insurance Enterprises Holdings Ltd.,CLIS.TA,Clal Insurance Enterprises Holdings Ltd.,OK
273011,נייס,IL0002730112,NICE.TA,432,NICE Ltd.,NICE.TA,NICE Ltd.,OK
230011,בזק,IL0002300114,BEZQ.TA,432,Bezeq The Israel Telecommunication Corp. Ltd,BEZQ.TA,Bezeq The Israel Telecommunication Corp. Ltd,OK
1134402,אורמת טכנולוגיות,US6866881021,ORA.TA,432,"Ormat Technologies, Inc.",ORA,"Ormat Technologies, Inc.",CHECK
1176593,נקסט ויז'ן,IL0011765935,NXSN.TA,432,"NextVision Stabilized Systems, Ltd.",NXSN.TA,"NextVision Stabilized Systems, Ltd.",OK
1141571,או.פי.סי אנרגיה,IL0011415713,OPCE.TA,432,OPC Energy Ltd.,OPCE.TA,OPC Energy Ltd.,OK
1119478,עזריאלי,IL0011194789,AZRG.TA,432,Azrieli Group Ltd.,AZRG.TA,Azrieli Group Ltd.,OK
US6974351057,פאלו אלטו,US6974351057,CYBR.TA,151,"Palo Alto Networks, Inc.",PANW,"Palo Alto Networks, Inc.",CHECK
1141969,נאוויטס פטר יהש,IL0011419699,NVPT.TA,432,"Navitas Petroleum, Limited Partnership",NVPT.TA,"Navitas Petroleum, Limited Partnership",OK
1159029,"הבורסה לני""ע בת""א",IL0011590291,TASE.TA,432,The Tel-Aviv Stock Exchange Ltd.,TASE.TA,The Tel-Aviv Stock Exchange Ltd.,OK
1095264,קמטק,IL0010952641,CAMT.TA,432,Camtek Ltd.,CAMT,Camtek Ltd.,CHECK
593038,בינלאומי,IL0005930388,FIBI.TA,432,First International Bank of Israel Ltd,FIBI.TA,First International Bank of Israel Ltd,OK
1081165,מגדל ביטוח,IL0010811656,MGDL.TA,432,Migdal Insurance and Financial Holdings Ltd.,MGDL.TA,Migdal Insurance and Financial Holdings Ltd.,OK
1104488,מגה אור,IL0011044885,MGOR.TA,432,Mega Or Holdings Ltd,MGOR.TA,Mega Or Holdings Ltd,OK
566018,מנורה מבטחים החזקות,IL0005660183,MMHD.TA,432,Menora Mivtachim Holdings Ltd.,MMHD.TA,Menora Mivtachim Holdings Ltd.,OK
1097260,ביג,IL0010972607,BIG.TA,432,BIG Shopping Centers Ltd,BIG.TA,BIG Shopping Centers Ltd,OK
281014,איי.סי.אל,IL0002810146,ICL.TA,432,ICL Group Ltd,ICL.TA,ICL Group Ltd,OK
1100007,פז קמעונאות ואנרגיה,IL0011000077,PAZ.TA,432,Paz Retail And Energy Ltd.,PAZ.TA,Paz Retail And Energy Ltd.,OK
323014,מליסרון,IL0003230146,MLSR.TA,432,Melisron Ltd.,MLSR.TA,Melisron Ltd.,OK
475020,ני מד אנרג'י,IL0004750209,NWMD.TA,432,NewMed Energy - Limited Partnership,NWMD.TA,NewMed Energy - Limited Partnership,OK
1084128,דלק קבוצה,IL0010841281,DLEKG.TA,432,Delek Group Ltd.,DLEKG.TA,Delek Group Ltd.,OK
777037,שופרסל,IL0007770378,SAE.TA,432,Shufersal Ltd,SAE.TA,Shufersal Ltd,OK
746016,שטראוס גרופ,IL0007460160,STRS.TA,432,Strauss Group Ltd.,STRS.TA,Strauss Group Ltd.,OK
226019,מבנה,IL0002260193,MVNE.TA,432,Mivne Real Estate (K.D) Ltd,MVNE.TA,Mivne Real Estate (K.D) Ltd,OK
1166768,דוראל אנרגיה,IL0011667685,DORL.TA,432,Doral Group Renewable Energy Resources Ltd,DORL.TA,Doral Group Renewable Energy Resources Ltd,OK
1133875,שפיר,IL0011338758,SPEN.TA,432,Shapir Engineering and Industry Ltd,SPEN.TA,Shapir Engineering and Industry Ltd,OK
1081561,בית שמש,IL0010815616,BSEN.TA,432,Bet Shemesh Engines Holdings (1997) Ltd,BSEN.TA,Bet Shemesh Engines Holdings (1997) Ltd,OK
1081942,שיכון ובינוי,IL0010819428,SKBN.TA,432,Shikun & Binui Ltd.,SKBN.TA,Shikun & Binui Ltd.,OK
1087824,אל על,IL0010878242,ELAL.TA,432,El Al Israel Airlines Ltd.,ELAL.TA,El Al Israel Airlines Ltd.,OK
1123355,אנרג'יקס,IL0011233553,ENRG.TA,432,Energix - Renewable Energies Ltd.,ENRG.TA,Energix - Renewable Energies Ltd.,OK
1083484,פרטנר,IL0010834849,PTNR.TA,432,Partner Communications Company Ltd.,PTNR.TA,Partner Communications Company Ltd.,OK
1156926,ג'נריישן קפיטל,IL0011569261,GNRS.TA,432,Generation Capital Ltd,GNRS.TA,Generation Capital Ltd,OK
445015,מטריקס,IL0004450156,MTRX.TA,432,Matrix IT Ltd.,MTRX.TA,Matrix IT Ltd.,OK
1081843,מיטב דש השקעות,IL0010818438,MTAV.TA,432,Meitav Investment House Ltd,MTAV.TA,Meitav Investment House Ltd,OK
390013,אלוני חץ,IL0003900136,ALHE.TA,432,Alony-Hetz Properties & Investments Ltd,ALHE.TA,Alony-Hetz Properties & Investments Ltd,OK
1143429,פתאל,IL0011434292,FTAL.TA,432,Fattal Holdings (1998) Ltd,FTAL.TA,Fattal Holdings (1998) Ltd,OK
1097278,אמות השקעות,IL0010972789,AMOT.TA,432,Amot Investments Ltd.,AMOT.TA,Amot Investments Ltd.,OK
2590248,בזן,IL0025902482,ORL.TA,432,Oil Refineries Ltd.,ORL.TA,Oil Refineries Ltd.,OK
763011,פיבי החזקות,IL0007630119,FIBIH.TA,432,F.I.B.I. Holdings Ltd,FIBIH.TA,F.I.B.I. Holdings Ltd,OK
SG9999012629,קנון,SG9999012629,KEN.TA,432,Kenon Holdings Ltd.,KEN,Kenon Holdings Ltd.,CHECK
1098920,ריט1,IL0010989205,RIT1.TA,432,Reit 1 Ltd,RIT1.TA,Reit 1 Ltd,OK
1170877,נופר אנרג'י,IL0011708778,NOFR.TA,432,O.Y. Nofar Energy Ltd,NOFR.TA,O.Y. Nofar Energy Ltd,OK
1084698,חילן,IL0010846983,HLAN.TA,432,Hilan Ltd.,HLAN.TA,Hilan Ltd.,OK
739037,אלקטרה,IL0007390375,ELTR.TA,432,Electra Limited,ELTR.TA,Electra Limited,OK
1175611,תורפז,IL0011756116,TRPZ.TA,432,Turpaz Industries Ltd,TRPZ.TA,Turpaz Industries Ltd,OK
1168558,מקס סטוק,IL0011685588,MAXO.TA,432,Max Stock Ltd.,MAXO.TA,Max Stock Ltd.,OK
GB00BG12Y042,אנרג'יאן,GB00BG12Y042,ENOG.TA,432,Energean plc,ENOG.L,Energean plc,CHECK
1166974,משק אנרגיה,IL0011669749,MSKE.TA,432,Meshek Energy - Renewable Energies Ltd.,MSKE.TA,Meshek Energy - Renewable Energies Ltd.,OK
232017,ישראמקו,IL0002320179,ISRA.TA,432,Isramco Negev 2 Limited Partnership,ISRA.TA,Isramco Negev 2 Limited Partnership,OK
394015,"רציו יה""ש",IL0003940157,RATI.TA,432,Ratio Energies - Limited Partnership,RATI.TA,Ratio Energies - Limited Partnership,OK
1101534,סלקום,IL0011015349,CEL.TA,432,Cellcom Israel Ltd.,CEL.TA,Cellcom Israel Ltd.,OK
1090315,דמרי,IL0010903156,DIMRI.TA,432,Y.H. Dimri Construction & Development Ltd,DIMRI.TA,Y.H. Dimri Construction & Development Ltd,OK
256016,פורמולה מערכות,IL0002560162,FORTY.TA,432,Formula Systems (1985) Ltd.,FORTY.TA,Formula Systems (1985) Ltd.,OK
161018,וואן טכנולוגיות,IL0001610182,ONE.TA,432,One Software Technologies Ltd,ONE.TA,One Software Technologies Ltd,OK
434019,ישראל קנדה,IL0004340191,ISCN.TA,432,Israel Canada (T.R) Ltd,ISCN.TA,Israel Canada (T.R) Ltd,OK
328013,פריורטק,IL0003280133,PRTC.TA,432,Priortech Ltd,PRTC.TA,Priortech Ltd,OK
576017,החברה לישראל,IL0005760173,ILCO.TA,433,Israel Corporation Ltd,ILCO.TA,Israel Corporation Ltd,OK
1082510,גילת,IL0010825102,GILT.TA,432,Gilat Satellite Networks Ltd.,GILT,Gilat Satellite Networks Ltd.,CHECK
1175934,קיסטון אינפרא,IL0011759342,KSTN.TA,432,Keystone Infra Ltd,KSTN.TA,Keystone Infra Ltd,OK
209015,איילון,IL0002090152,AYAL.TA,432,Ayalon Insurance Company Ltd,AYAL.TA,Ayalon Insurance Company Ltd,OK
1104249,רמי לוי,IL0011042491,RMLI.TA,432,Rami Levi Chain Stores Hashikma Marketing 2006 Ltd,RMLI.TA,Rami Levi Chain Stores Hashikma Marketing 2006 Ltd,OK
1132315,אשטרום קבוצה,IL0011323156,ASHG.TA,432,Ashtrom Group Ltd.,ASHG.TA,Ashtrom Group Ltd.,OK
1132356,אינרום,IL0011323560,INRM.TA,432,Inrom Construction Industries Ltd,INRM.TA,Inrom Construction Industries Ltd,OK
1175116,נאייקס,IL0011751166,NYAX.TA,432,Nayax Ltd.,NYAX.TA,Nayax Ltd.,OK
373019,אאורה,IL0003730194,AURA.TA,432,Aura Investments Ltd.,AURA.TA,Aura Investments Ltd.,OK
759019,גב ים,IL0007590198,GVYM.TA,432,Gav-Yam Lands Corp. Ltd,GVYM.TA,Gav-Yam Lands Corp. Ltd,OK
1087022,פוקס,IL0010870223,FOX.TA,432,Fox-Wizel Ltd.,FOX.TA,Fox-Wizel Ltd.,OK
1095835,איירפורט סיטי,IL0010958358,ARPT.TA,432,Airport City Ltd.,ARPT.TA,Airport City Ltd.,OK
NL0015000D84,ארגו פרופרטיז,NL0015000D84,ARGO.TA,432,ARGO Properties N.V.,ARGO.TA,ARGO Properties N.V.,OK
1109644,"סלע נדל""ן",IL0011096448,SLARL.TA,432,Sella Capital Real Estate Ltd.,SLARL.TA,Sella Capital Real Estate Ltd.,OK
1080985,ישרוטל,IL0010809858,ISRO.TA,432,Isrotel Ltd.,ISRO.TA,Isrotel Ltd.,OK
1176387,ורידיס,IL0011763872,VRDS.TA,432,Veridis Environment Ltd,VRDS.TA,Veridis Environment Ltd,OK
127019,מבטח שמיר,IL0001270193,MISH.TA,432,Mivtach Shamir Holdings Ltd,MISH.TA,Mivtach Shamir Holdings Ltd,OK
1129501,איי.די.איי ביטוח,IL0011295016,IDIN.TA,432,I.D.I. Insurance Company Ltd.,IDIN.TA,I.D.I. Insurance Company Ltd.,OK
1157403,ישראכרט,IL0011574030,ISCD.TA,432,Isracard Ltd.,ISCD.TA,Isracard Ltd.,OK
1083955,קווליטאו,IL0010839558,QLTU.TA,432,Qualitau Ltd,QLTU.TA,Qualitau Ltd,OK
1178334,אקונרג'י,IL0011783342,ECNR.TA,432,Econergy Ltd,ECNR.TA,Econergy Ltd,OK
1178722,רימון,IL0011787228,RMON.TA,432,Rimon Consulting & Management Services Ltd.,RMON.TA,Rimon Consulting & Management Services Ltd.,OK
755017,אקויטל,IL0007550176,EQTL.TA,432,Equital Ltd.,EQTL.TA,Equital Ltd.,OK
1141464,מור השקעות,IL0011414641,MORE.TA,0,,MRIN.TA,Y.D. More Investments Ltd,CHECK
314013,דנאל,IL0003140139,DANE.TA,432,Danel (Adir Yeoshua) Ltd,DANE.TA,Danel (Adir Yeoshua) Ltd,OK
288019,סקופ,IL0002880198,SCOP.TA,432,Scope Metals Group Ltd.,SCOP.TA,Scope Metals Group Ltd.,OK
175018,אי.בי.אי בית השקעות,IL0001750186,IBI.TA,432,I.B.I. Investment House Ltd,IBI.TA,I.B.I. Investment House Ltd,OK
1098565,"רבוע כחול נדל""ן",IL0010985658,BLRL.TA,0,,BLSR.TA,Blue Square Real Estate Ltd,CHECK
431015,איי.אי.אס,IL0004310152,IES.TA,432,I.E.S Holdings Ltd,IES.TA,I.E.S Holdings Ltd,OK
627034,דלתא,IL0006270347,DELG.TA,432,Delta Galil Industries Ltd.,DELG.TA,Delta Galil Industries Ltd.,OK
1081686,סאמיט,IL0010816861,SMT.TA,432,Summit Real Estate Holdings Ltd,SMT.TA,Summit Real Estate Holdings Ltd,OK
1097948,אפריקה מגורים,IL0010979487,AFRE.TA,432,Africa Israel Residences Ltd,AFRE.TA,Africa Israel Residences Ltd,OK
1188242,שוב אנרגיה,IL0011882425,SHUV.TA,0,,SBEN.TA,Shikun & Binui Energy Ltd,CHECK
1105097,נטו מלינדה,IL0011050973,NTML.TA,432,Neto Malinda Trading Ltd.,NTML.TA,Neto Malinda Trading Ltd.,OK
587014,ארית תעשיות,IL0005870147,ARIN.TA,432,Ari Real Estate (Arena) Investment Ltd,ARYT.TA,Aryt Industries Ltd.,CHECK
1161264,יוחננוף,IL0011612640,YHNF.TA,432,M.Yochananof and Sons (1988) Ltd,YHNF.TA,M.Yochananof and Sons (1988) Ltd,OK
1091354,אפי נכסים,IL0010913544,AFPR.TA,432,AFI Properties Ltd.,AFPR.TA,AFI Properties Ltd.,OK
694034,אלקו,IL0006940345,ELCO.TA,432,Elco Ltd.,ELCO.TA,Elco Ltd.,OK
1222462,אר פי אופטיקל,IL0012224627,RPOL.TA,299,RP Optical Lab Ltd,RPOL.TA,RP Optical Lab Ltd,OK
136010,להב אל.אר. ריאלסטייט,IL0001360101,LAHAV.TA,432,Lahav LR Real Estate Ltd,LAHAV.TA,Lahav LR Real Estate Ltd,OK
715011,אזורים,IL0007150118,AZRM.TA,432,"Azorim-Investment, Development & Construction Co. Ltd",AZRM.TA,"Azorim-Investment, Development & Construction Co. Ltd",OK
1173137,דניה סיבוס,IL0011731374,DNYA.TA,432,Danya Cebus Ltd.,DNYA.TA,Danya Cebus Ltd.,OK
1184902,אקרו,IL0011849028,ACRO.TA,432,Kvutzat Acro Ltd,ACRO.TA,Kvutzat Acro Ltd,OK
1188200,עמרם,IL0011882003,AMRM.TA,432,Amram Avraham Construction Company Ltd,AMRM.TA,Amram Avraham Construction Company Ltd,OK
642017,לפידות קפיטל,IL0006420173,LAPD.TA,432,Lapidoth Capital Ltd,LAPD.TA,Lapidoth Capital Ltd,OK
US68375N1037,אופקו הלת',US68375N1037,OPK.TA,432,"OPKO Health, Inc.",OPK,"OPKO Health, Inc.",CHECK
1123850,קרסו מוטורס,IL0011238503,CRSM.TA,432,Carasso Motors Ltd.,CRSM.TA,Carasso Motors Ltd.,OK
1102128,פרשקובסקי,IL0011021289,PRSK.TA,432,Prashkovsky Investments and Construction Ltd.,PRSK.TA,Prashkovsky Investments and Construction Ltd.,OK
613034,ישרס,IL0006130343,ISRS.TA,432,Isras Investment Company Ltd,ISRS.TA,Isras Investment Company Ltd,OK
1173228,ווישור גלובלטק,IL0011732281,WESR.TA,432,Wesure Global Tech Ltd,WESR.TA,Wesure Global Tech Ltd,OK
1094044,"אלקטרה נדל""ן",IL0010940448,ELRE.TA,0,,ELCRE.TA,Electra Real Estate Ltd.,CHECK
1225200,אמפא,IL0012252008,AMPA.TA,276,Ampa Ltd,AMPA.TA,Ampa Ltd,OK
699017,נכסים ובניין,IL0006990175,PTBL.TA,432,Property & Building Corp. Ltd.,PTBL.TA,Property & Building Corp. Ltd.,OK
1141357,תמר פטרוליום,IL0011413577,TMRP.TA,432,Tamar Petroleum Ltd,TMRP.TA,Tamar Petroleum Ltd,OK
1144773,יוניברסל מוטורס,IL0011447732,UNVO.TA,0,,UNMI.TA,Universal Motors Israel Ltd,CHECK
416016,וילאר,IL0004160169,VILR.TA,432,Villar International Ltd.,VILR.TA,Villar International Ltd.,OK
1173699,דלתא מותגים,IL0011736993,DLTI.TA,432,Delta Israel Brands Ltd,DLTI.TA,Delta Israel Brands Ltd,OK
1168533,מספנות ישראל,IL0011685331,ISHI.TA,432,Israel Shipyards Industries Ltd,ISHI.TA,Israel Shipyards Industries Ltd,OK
1176205,קבוצת אקרשטיין,IL0011762056,ACKR.TA,432,Ackerstein Group Ltd,ACKR.TA,Ackerstein Group Ltd,OK
208017,נאוי,,NAWI.TA,432,Nawi Group Ltd,,,OK
612010,הכשרת היישוב,,ILDC.TA,432,Land Development of Nimrodi Group Ltd.,,,OK
1168186,מימון ישיר,,DIFI.TA,432,Direct Finance of Direct Group (2006) Ltd,,,OK
1158161,"שב""א",,SHVA.TA,432,Automatic Bank Services Limited,,,OK
1123777,ויקטורי,,VCTR.TA,432,Victory Supermarket Chain Ltd,,,OK
368019,אלקטריאון,,ELWS.TA,432,Electreon Wireless Ltd,,,OK
5010129,אלקטרה צריכה,,ECP.TA,432,Electra Consumer Products (1970) Ltd,,,OK
126011,ג' סיטי (גזית גלוב),,GCT.TA,432,G City Ltd,,,OK
258012,תדיראן גרופ,,TDRN.TA,432,Tadiran Group Ltd,,,OK
1091065,מיטרוניקס,,MTRN.TA,432,Maytronics Ltd.,,,OK
