tase_id,name,ticker,yahoo_name,currency,bars_2y,last_close,flag
720011,אנלייט אנרגיה,ENLT.TA,Enlight Renewable Energy Ltd,ILA,432,21380.0,
585018,הראל השקעות,HARL.TA,Harel Insurance Investments & Financial Services Ltd,ILA,432,19960.0,
1084557,נובה,NVMI.TA,Nova Ltd.,ILA,432,116060.0,
230011,בזק,BEZQ.TA,Bezeq The Israel Telecommunication Corp. Ltd,ILA,432,742.0,
208017,נאוי,NAWI.TA,Nawi Group Ltd,ILA,432,4669.0,CHECK
445015,מטריקס,MTRX.TA,Matrix IT Ltd.,ILA,432,10070.0,
1141571,או.פי.סי אנרגיה,OPCE.TA,OPC Energy Ltd.,ILA,432,8980.0,
1081124,אלביט מערכות,ESLT.TA,Elbit Systems Ltd.,ILA,432,214000.0,
323014,מליסרון,MLSR.TA,Melisron Ltd.,ILA,432,38100.0,
1175611,תורפז,TRPZ.TA,Turpaz Industries Ltd,ILA,432,5604.0,CHECK
1097260,ביג,BIG.TA,BIG Shopping Centers Ltd,ILA,432,66960.0,
612010,הכשרת היישוב,ILDC.TA,Land Development of Nimrodi Group Ltd.,ILA,432,3984.0,
1132356,אינרום,INRM.TA,Inrom Construction Industries Ltd,ILA,432,2583.0,CHECK
2590248,בזן,ORL.TA,Oil Refineries Ltd.,ILA,432,211.3,
1134402,אורמת טכנולוגיות,ORA.TA,"Ormat Technologies, Inc.",ILA,432,27540.0,
273011,נייס,NICE.TA,NICE Ltd.,ILA,432,33770.0,
394015,"רציו יה""ש",RATI.TA,Ratio Energies - Limited Partnership,ILA,432,462.5,
136010,להב אל.אר. ריאלסטייט,LAHAV.TA,Lahav LR Real Estate Ltd,ILA,432,1112.0,
604611,לאומי,LUMI.TA,Bank Leumi le-Israel B.M.,ILA,432,7592.0,
232017,ישראמקו,ISRA.TA,Isramco Negev 2 Limited Partnership,ILA,432,199.0,
1090315,דמרי,DIMRI.TA,Y.H. Dimri Construction & Development Ltd,ILA,432,36400.0,
1168186,מימון ישיר,DIFI.TA,Direct Finance of Direct Group (2006) Ltd,ILA,432,64070.0,CHECK
475020,ני מד אנרג'י,NWMD.TA,NewMed Energy - Limited Partnership,ILA,432,1597.0,
1156926,ג'נריישן קפיטל,GNRS.TA,Generation Capital Ltd,ILA,432,248.8,CHECK
1081843,מיטב דש השקעות,MTAV.TA,Meitav Investment House Ltd,ILA,432,11890.0,
662577,פועלים,POLI.TA,Bank Hapoalim B.M.,ILA,432,7796.0,
627034,דלתא,DELG.TA,Delta Galil Industries Ltd.,ILA,432,17620.0,
1084698,חילן,HLAN.TA,Hilan Ltd.,ILA,432,23420.0,
759019,גב ים,GVYM.TA,Gav-Yam Lands Corp. Ltd,ILA,432,3768.0,
373019,אאורה,AURA.TA,Aura Investments Ltd.,ILA,432,1702.0,
746016,שטראוס גרופ,STRS.TA,Strauss Group Ltd.,ILA,432,11110.0,
1158161,"שב""א",SHVA.TA,Automatic Bank Services Limited,ILA,432,2037.0,CHECK
1119478,עזריאלי,AZRG.TA,Azrieli Group Ltd.,ILA,432,37320.0,
1101534,סלקום,CEL.TA,Cellcom Israel Ltd.,ILA,432,3536.0,
1104249,רמי לוי,RMLI.TA,Rami Levi Chain Stores Hashikma Marketing 2006 Ltd,ILA,432,33050.0,
1123777,ויקטורי,VCTR.TA,Victory Supermarket Chain Ltd,ILA,432,4007.0,
1082510,גילת,GILT.TA,Gilat Satellite Networks Ltd.,ILA,432,3065.0,
1087022,פוקס,FOX.TA,Fox-Wizel Ltd.,ILA,432,30690.0,
328013,פריורטק,PRTC.TA,Priortech Ltd,ILA,432,28630.0,
642017,לפידות קפיטל,LAPD.TA,Lapidoth Capital Ltd,ILA,432,7227.0,CHECK
281014,איי.סי.אל,ICL.TA,ICL Group Ltd,ILA,432,1595.0,
739037,אלקטרה,ELTR.TA,Electra Limited,ILA,432,11150.0,
368019,אלקטריאון,ELWS.TA,Electreon Wireless Ltd,ILA,432,4402.0,
1083484,פרטנר,PTNR.TA,Partner Communications Company Ltd.,ILA,432,3653.0,
1084128,דלק קבוצה,DLEKG.TA,Delek Group Ltd.,ILA,432,8497.0,
1100007,פז קמעונאות ואנרגיה,PAZ.TA,Paz Retail And Energy Ltd.,ILA,432,85580.0,
1143429,פתאל,FTAL.TA,Fattal Holdings (1998) Ltd,ILA,432,66090.0,
314013,דנאל,DANE.TA,Danel (Adir Yeoshua) Ltd,ILA,432,42660.0,
1133875,שפיר,SPEN.TA,Shapir Engineering and Industry Ltd,ILA,432,4241.0,
1098920,ריט1,RIT1.TA,Reit 1 Ltd,ILA,432,1990.0,
1095835,איירפורט סיטי,ARPT.TA,Airport City Ltd.,ILA,432,5330.0,
695437,מזרחי,MZTF.TA,Mizrahi Tefahot Bank Ltd.,ILA,432,23600.0,
5010129,אלקטרה צריכה,ECP.TA,Electra Consumer Products (1970) Ltd,ILA,432,5863.0,
1123355,אנרג'יקס,ENRG.TA,Energix - Renewable Energies Ltd.,ILA,432,1955.0,
1157403,ישראכרט,ISCD.TA,Isracard Ltd.,ILA,432,1113.0,
699017,נכסים ובניין,PTBL.TA,Property & Building Corp. Ltd.,ILA,432,27920.0,
1097278,אמות השקעות,AMOT.TA,Amot Investments Ltd.,ILA,432,1934.0,
126011,ג' סיטי (גזית גלוב),GCT.TA,G City Ltd,ILA,432,1140.0,
258012,תדיראן גרופ,TDRN.TA,Tadiran Group Ltd,ILA,432,19670.0,
390013,אלוני חץ,ALHE.TA,Alony-Hetz Properties & Investments Ltd,ILA,432,2927.0,
777037,שופרסל,SAE.TA,Shufersal Ltd,ILA,432,3533.0,
1091065,מיטרוניקס,MTRN.TA,Maytronics Ltd.,ILA,432,213.0,CHECK
